{"model":{"version":3,"nodes":[{"name":"RootNode","position":[0,0,0],"rotation":[0,0,0],"scale":[0.01,0.01,0.01],"scaleCompensation":false},{"name":"銃座","position":[0,0,0],"rotation":[0,0,0],"scale":[1,1,1],"scaleCompensation":false}],"parents":[-1,0],"skins":[],"morphs":[],"vertices":[{"position":{"type":"float32","components":3,"data":[-4.6064,22.0276,7.13201,-0.894091,22.0276,3.4197,0.643599,22.0276,7.13201,-4.6064,22.0276,7.13201,-4.6064,22.0276,1.88201,-4.6064,22.0276,7.13201,-8.31871,22.0276,3.4197,-4.6064,22.0276,7.13201,-9.8564,22.0276,7.13201,-4.6064,22.0276,7.13201,-8.31871,22.0276,10.8443,-4.6064,22.0276,7.13201,-4.6064,22.0276,12.382,-4.6064,22.0276,7.13201,-0.894091,22.0276,10.8443,-4.6064,22.0276,7.13201,0.643599,22.0276,7.13201,-0.894091,23.0776,3.4197,0.643599,23.0776,7.13201,0.643599,22.0276,7.13201,-0.894091,22.0276,3.4197,-4.6064,23.0776,1.88201,-4.6064,22.0276,1.88201,-8.31871,22.0276,3.4197,-8.31871,23.0776,3.4197,-9.8564,23.0776,7.13201,-9.8564,22.0276,7.13201,-8.31871,23.0776,10.8443,-8.31871,22.0276,10.8443,-4.6064,23.0776,12.382,-4.6064,22.0276,12.382,-0.894091,23.0776,10.8443,-0.894091,22.0276,10.8443,0.643599,23.0776,7.13201,0.643599,22.0276,7.13201,0.643599,23.0776,7.13201,-0.894091,23.0776,3.4197,-4.6064,23.0776,7.13201,-4.6064,23.0776,1.88201,-4.6064,23.0776,7.13201,-8.31871,23.0776,3.4197,-4.6064,23.0776,7.13201,-9.8564,23.0776,7.13201,-4.6064,23.0776,7.13201,-8.31871,23.0776,10.8443,-4.6064,23.0776,7.13201,-4.6064,23.0776,12.382,-4.6064,23.0776,7.13201,-0.894091,23.0776,10.8443,-4.6064,23.0776,7.13201,0.643599,23.0776,7.13201,-4.6064,23.0776,7.13201,7.49478,28.0112,5.74779,-2.96919,28.0112,5.74779,-2.96919,23.9838,5.74779,7.49478,23.9838,5.74779,-2.96919,28.0112,4.30799,-2.96919,23.9838,4.30799,-2.96919,28.0112,5.74779,-2.96919,23.9838,5.74779,7.49478,23.9838,4.30799,-2.96919,23.9838,4.30799,-2.96919,28.0112,4.30799,7.49478,28.0112,4.30799,7.49478,23.9838,5.74779,7.49478,28.0112,4.30799,7.49478,28.0112,5.74779,7.49478,23.9838,4.30799,-2.96919,28.0112,5.74779,7.49478,28.0112,5.74779,7.49478,28.0112,4.30799,-2.96919,28.0112,4.30799,7.49478,23.9838,5.74779,-2.96919,23.9838,5.74779,-2.96919,23.9838,4.30799,7.49478,23.9838,4.30799,7.49478,28.0112,7.9897,-2.96919,28.0112,7.9897,-2.96919,23.9838,7.9897,7.49478,23.9838,7.9897,-2.96919,28.0112,6.5499,-2.96919,23.9838,6.5499,-2.96919,28.0112,7.9897,-2.96919,23.9838,7.9897,7.49478,23.9838,6.5499,-2.96919,23.9838,6.5499,-2.96919,28.0112,6.5499,7.49478,28.0112,6.5499,7.49478,23.9838,7.9897,7.49478,28.0112,6.5499,7.49478,28.0112,7.9897,7.49478,23.9838,6.5499,-2.96919,28.0112,7.9897,7.49478,28.0112,7.9897,7.49478,28.0112,6.5499,-2.96919,28.0112,6.5499,7.49478,23.9838,7.9897,-2.96919,23.9838,7.9897,-2.96919,23.9838,6.5499,7.49478,23.9838,6.5499,-3.70144,28.7372,5.44711,-3.70144,22.4439,5.23733,-3.70144,22.339,10.1147,-3.70144,28.6847,2.98222,-2.56758,28.7372,5.44711,-2.56758,22.4439,5.23733,-2.56758,28.6847,2.98222,-2.56758,22.339,10.1147,-3.70144,22.4439,5.23733,-3.70144,28.6847,2.98222,-2.56758,22.4439,5.23733,-2.56758,28.6847,2.98222,-3.70144,22.339,10.1147,-2.56758,22.339,10.1147,-3.70144,28.7372,5.44711,-3.70144,22.339,10.1147,-2.56758,28.7372,5.44711,-2.56758,22.339,10.1147,-2.56758,28.6847,2.98222,-3.70144,28.6847,2.98222,-6.89104,28.7372,5.44711,-6.89104,22.4439,5.23733,-6.89104,22.339,10.1147,-6.89104,28.6847,2.98222,-5.75718,28.7372,5.44711,-5.75718,22.4439,5.23733,-5.75718,28.6847,2.98222,-5.75718,22.339,10.1147,-6.89104,22.4439,5.23733,-6.89104,28.6847,2.98222,-5.75718,22.4439,5.23733,-5.75718,28.6847,2.98222,-6.89104,22.339,10.1147,-5.75718,22.339,10.1147,-6.89104,28.7372,5.44711,-6.89104,22.339,10.1147,-5.75718,28.7372,5.44711,-5.75718,22.339,10.1147,-5.75718,28.6847,2.98222,-6.89104,28.6847,2.98222]},"normal":{"type":"float32","components":3,"data":[0,-1,0,0,-1,0,0,-1,0,0,-1,0,0,-1,0,0,-1,0,0,-1,0,0,-1,0,0,-1,0,0,-1,0,0,-1,0,0,-1,0,0,-1,0,0,-1,0,0,-1,0,0,-1,0,0,-1,0,0.707107,0,-0.707107,1,0,-3.22578e-08,1,0,-3.22578e-08,0.707107,0,-0.707107,0,0,-1,0,0,-1,-0.707107,0,-0.707107,-0.707107,0,-0.707107,-1,0,-3.22578e-08,-1,0,-3.22578e-08,-0.707107,0,0.707107,-0.707107,0,0.707107,0,0,1,0,0,1,0.707107,0,0.707107,0.707107,0,0.707107,1,0,-3.22578e-08,1,0,-3.22578e-08,0,1,0,0,1,0,0,1,0,0,1,0,0,1,0,0,1,0,0,1,0,0,1,0,0,1,0,0,1,0,0,1,0,0,1,0,0,1,0,0,1,0,0,1,0,0,1,0,0,1,0,0,0,1,0,0,1,0,0,1,0,0,1,-1,0,0,-1,0,0,-1,0,0,-1,0,0,0,0,-1,0,0,-1,0,0,-1,0,0,-1,1,0,0,1,0,0,1,0,0,1,0,0,0,1,0,0,1,0,0,1,0,0,1,0,0,-1,0,0,-1,0,0,-1,0,0,-1,0,0,0,1,0,0,1,0,0,1,0,0,1,-1,0,0,-1,0,0,-1,0,0,-1,0,0,0,0,-1,0,0,-1,0,0,-1,0,0,-1,1,0,0,1,0,0,1,0,0,1,0,0,0,1,0,0,1,0,0,1,0,0,1,0,0,-1,0,0,-1,0,0,-1,0,0,-1,0,-1,0,0,-1,0,0,-1,0,0,-1,0,0,1,0,0,1,0,0,1,0,0,1,0,0,0,-0.812262,-0.583293,0,-0.339839,-0.940484,0,-0.812262,-0.583293,0,-0.339839,-0.940484,0,-0.999769,-0.0215008,0,-0.999769,-0.0215008,0,0.896215,0.44362,0,0.589352,0.807876,0,0.896215,0.44362,0,0.589352,0.807876,0,0.999774,-0.021271,0,0.999774,-0.021271,-1,0,0,-1,0,0,-1,0,0,-1,0,0,1,0,0,1,0,0,1,0,0,1,0,0,0,-0.812262,-0.583293,0,-0.339839,-0.940484,0,-0.812262,-0.583293,0,-0.339839,-0.940484,0,-0.999769,-0.0215008,0,-0.999769,-0.0215008,0,0.896215,0.44362,0,0.589352,0.807876,0,0.896215,0.44362,0,0.589352,0.807876,0,0.999774,-0.021271,0,0.999774,-0.021271]},"texCoord0":{"type":"float32","components":2,"data":[0.394054,0.88989,0.400304,0.923223,0.387804,0.923223,0.406554,0.88989,0.412804,0.923223,0.419054,0.88989,0.425304,0.923223,0.431554,0.88989,0.437804,0.923223,0.444054,0.88989,0.450304,0.923223,0.456554,0.88989,0.462804,0.923223,0.469054,0.88989,0.475304,0.923223,0.481554,0.88989,0.487804,0.923223,0.400304,0.956556,0.387804,0.956556,0.387804,0.923223,0.400304,0.923223,0.412804,0.956556,0.412804,0.923223,0.425304,0.923223,0.425304,0.956556,0.437804,0.956556,0.437804,0.923223,0.450304,0.956556,0.450304,0.923223,0.462804,0.956556,0.462804,0.923223,0.475304,0.956556,0.475304,0.923223,0.487804,0.956556,0.487804,0.923223,0.387804,0.956556,0.400304,0.956556,0.394054,0.98989,0.412804,0.956556,0.406554,0.98989,0.425304,0.956556,0.419054,0.98989,0.437804,0.956556,0.431554,0.98989,0.450304,0.956556,0.444054,0.98989,0.462804,0.956556,0.456554,0.98989,0.475304,0.956556,0.469054,0.98989,0.487804,0.956556,0.481554,0.98989,0.487804,0.98989,0.387804,0.98989,0.387804,0.88989,0.487804,0.88989,0.387804,0.98989,0.387804,0.88989,0.487804,0.98989,0.487804,0.88989,0.387804,0.88989,0.487804,0.88989,0.487804,0.98989,0.387804,0.98989,0.387804,0.88989,0.487804,0.98989,0.387804,0.98989,0.487804,0.88989,0.387804,0.88989,0.487804,0.88989,0.487804,0.98989,0.387804,0.98989,0.487804,0.98989,0.387804,0.98989,0.387804,0.88989,0.487804,0.88989,0.487804,0.98989,0.387804,0.98989,0.387804,0.88989,0.487804,0.88989,0.387804,0.98989,0.387804,0.88989,0.487804,0.98989,0.487804,0.88989,0.387804,0.88989,0.487804,0.88989,0.487804,0.98989,0.387804,0.98989,0.387804,0.88989,0.487804,0.98989,0.387804,0.98989,0.487804,0.88989,0.387804,0.88989,0.487804,0.88989,0.487804,0.98989,0.387804,0.98989,0.487804,0.98989,0.387804,0.98989,0.387804,0.88989,0.487804,0.88989,0.387804,0.98989,0.387804,0.98989,0.387804,0.98989,0.387804,0.98989,0.387804,0.98989,0.387804,0.98989,0.387804,0.98989,0.387804,0.98989,0.387804,0.98989,0.387804,0.98989,0.387804,0.98989,0.387804,0.98989,0.387804,0.98989,0.387804,0.98989,0.387804,0.98989,0.387804,0.98989,0.387804,0.98989,0.387804,0.98989,0.387804,0.98989,0.387804,0.98989,0.387804,0.98989,0.387804,0.98989,0.387804,0.98989,0.387804,0.98989,0.387804,0.98989,0.387804,0.98989,0.387804,0.98989,0.387804,0.98989,0.387804,0.98989,0.387804,0.98989,0.387804,0.98989,0.387804,0.98989,0.387804,0.98989,0.387804,0.98989,0.387804,0.98989,0.387804,0.98989,0.387804,0.98989,0.387804,0.98989,0.387804,0.98989,0.387804,0.98989]}}],"meshes":[{"aabb":{"min":[-9.8564,22.0276,1.88201],"max":[7.49478,28.7372,12.382]},"vertices":0,