{"model":{"version":3,"nodes":[{"name":"RootNode","position":[0,0,0],"rotation":[0,0,0],"scale":[0.01,0.01,0.01],"scaleCompensation":false},{"name":"弾丸","position":[0,0,0],"rotation":[0,0,0],"scale":[1,1,1],"scaleCompensation":false}],"parents":[-1,0],"skins":[],"morphs":[],"vertices":[{"position":{"type":"float32","components":3,"data":[-2.38575e-16,4.9998e-07,16.8108,0.721249,-0.721248,11.0485,1.02,4.9998e-07,11.0485,-2.38575e-16,4.9998e-07,16.8108,-2.38575e-16,-1.02,11.0485,-2.38575e-16,4.9998e-07,16.8108,-0.721249,-0.721248,11.0485,-2.38575e-16,4.9998e-07,16.8108,-1.02,4.9998e-07,11.0485,-2.38575e-16,4.9998e-07,16.8108,-0.721249,0.721249,11.0485,-2.38575e-16,4.9998e-07,16.8108,-4.6506e-16,1.02,11.0485,-2.38575e-16,4.9998e-07,16.8108,0.721249,0.721249,11.0485,-2.38575e-16,4.9998e-07,16.8108,1.02,4.9998e-07,11.0485,0.721249,-0.721249,-10.9558,1.02,-4.72768e-07,-10.9558,-2.38575e-16,-1.02,-10.9558,-0.721249,-0.721249,-10.9558,-1.02,-4.72768e-07,-10.9558,-0.721249,0.721248,-10.9558,-4.6506e-16,1.02,-10.9558,0.721249,0.721248,-10.9558,1.02,-4.72768e-07,-10.9558,-2.38575e-16,-4.72768e-07,-15.8498,-2.38575e-16,-4.72768e-07,-15.8498,-2.38575e-16,-4.72768e-07,-15.8498,-2.38575e-16,-4.72768e-07,-15.8498,-2.38575e-16,-4.72768e-07,-15.8498,-2.38575e-16,-4.72768e-07,-15.8498,-2.38575e-16,-4.72768e-07,-15.8498,-2.38575e-16,-4.72768e-07,-15.8498]},"normal":{"type":"float32","components":3,"data":[1.84656e-07,-2.53902e-07,1,0.704389,-0.704389,0.087584,0.996157,-2.42594e-08,0.087584,1.84656e-07,-2.53902e-07,1,1.61729e-08,-0.996157,0.087584,1.84656e-07,-2.53902e-07,1,-0.704389,-0.704389,0.087584,1.84656e-07,-2.53902e-07,1,-0.996157,-4.04323e-08,0.087584,1.84656e-07,-2.53902e-07,1,-0.704389,0.704389,0.087584,1.84656e-07,-2.53902e-07,1,1.61729e-08,0.996157,0.087584,1.84656e-07,-2.53902e-07,1,0.704389,0.704389,0.087584,1.84656e-07,-2.53902e-07,1,0.996157,-2.42594e-08,0.087584,0.703367,-0.703367,-0.102715,0.994711,4.85688e-08,-0.102715,8.0948e-09,-0.994711,-0.102715,-0.703367,-0.703367,-0.102715,-0.994711,2.42844e-08,-0.102715,-0.703367,0.703367,-0.102715,-8.0948e-09,0.994711,-0.102715,0.703367,0.703367,-0.102715,0.994711,4.85688e-08,-0.102715,0,1.18213e-07,-1,0,1.18213e-07,-1,0,1.18213e-07,-1,0,1.18213e-07,-1,0,1.18213e-07,-1,0,1.18213e-07,-1,0,1.18213e-07,-1,0,1.18213e-07,-1]},"texCoord0":{"type":"float32","components":2,"data":[0.0625,0,0.125,0.333333,0,0.333333,0.1875,0,0.25,0.333333,0.3125,0,0.375,0.333333,0.4375,0,0.5,0.333333,0.5625,0,0.625,0.333333,0.6875,0,0.75,0.333333,0.8125,0,0.875,0.333333,0.9375,0,1,0.333333,0.125,0.666667,0,0.666667,0.25,0.666667,0.375,0.666667,0.5,0.666667,0.625,0.666667,0.75,0.666667,0.875,0.666667,1,0.666667,0.0625,1,0.1875,1,0.3125,1,0.4375,1,0.5625,1,0.6875,1,0.8125,1,0.9375,1]}}],"meshes":[{"aabb":{"min":[-1.02,-1.02,-15.8498],"max":[1.02,1.02,16.8108]},"vertices":0,"indices":[0,1,2,3,4,1,5,6,4,7,8,6,9,10,8,11,12,10,13,14,12,15,16,14,1,17,2,2,17,18,19,1,4,1,19,17,6,19,4,19,6,20,8,20,6,20,8,21,10,22,8,8,22,21,12,22,10,22,12,23,14,24,12,12,24,23,16,24,14,24,16,25,18,17,26,17,19,27,19,20,28,20,21,29,21,22,30,22,23,31,23,24,32,24,25,33],"type":"triangles","base":0,"count":96}],"meshInstances":[{"node":1,"mesh":0}]}}