{"model":{"version":3,"nodes":[{"name":"RootNode","position":[0,0,0],"rotation":[0,0,0],"scale":[0.01,0.01,0.01],"scaleCompensation":false},{"name":"重機関銃","position":[0,0,0],"rotation":[0,0,0],"scale":[1,1,1],"scaleCompensation":false}],"parents":[-1,0],"skins":[],"morphs":[],"vertices":[{"position":{"type":"float32","components":3,"data":[-5.86276,26.5138,10.4862,-3.31276,29.0639,10.4862,-5.86276,29.0639,10.4862,-3.31276,26.5138,10.4862,-5.86276,26.5138,0.470704,-5.86276,26.5138,10.4862,-5.86276,29.0639,10.4862,-5.86276,29.0639,0.470704,-3.31276,26.5138,0.470704,-5.86276,26.5138,0.470704,-5.86276,29.0639,0.470704,-3.31276,29.0639,0.470704,-3.31276,26.5138,10.4862,-3.31276,29.0639,0.470704,-3.31276,29.0639,10.4862,-3.31276,26.5138,0.470704,-3.31276,29.0639,10.4862,-3.31276,29.0639,0.470704,-5.86276,29.0639,10.4862,-5.86276,29.0639,0.470704,-5.86276,26.5138,10.4862,-5.86276,26.5138,0.470704,-3.31276,26.5138,10.4862,-3.31276,26.5138,0.470704,-5.05951,28.2606,26.6758,-5.05951,27.3171,26.6758,-4.11601,28.2606,26.6758,-4.11601,27.3171,26.6758,-5.05951,27.3171,9.53651,-5.05951,27.3171,26.6758,-5.05951,28.2606,26.6758,-5.05951,28.2606,9.53651,-4.11601,27.3171,9.53651,-5.05951,27.3171,9.53651,-5.05951,28.2606,9.53651,-4.11601,28.2606,9.53651,-4.11601,27.3171,26.6758,-4.11601,28.2606,9.53651,-4.11601,28.2606,26.6758,-4.11601,27.3171,9.53651,-4.11601,28.2606,26.6758,-4.11601,28.2606,9.53651,-5.05951,28.2606,26.6758,-5.05951,28.2606,9.53651,-5.05951,27.3171,26.6758,-5.05951,27.3171,9.53651,-4.11601,27.3171,26.6758,-4.11601,27.3171,9.53651,-5.42926,28.6304,25.9012,-5.42926,26.9473,25.9012,-3.74626,28.6304,25.9012,-3.74626,26.9473,25.9012,-5.42926,26.9473,19.291,-5.42926,26.9473,25.9012,-5.42926,28.6304,25.9012,-5.42926,28.6304,19.291,-3.74626,26.9473,19.291,-5.42926,26.9473,19.291,-5.42926,28.6304,19.291,-3.74626,28.6304,19.291,-3.74626,26.9473,25.9012,-3.74626,28.6304,19.291,-3.74626,28.6304,25.9012,-3.74626,26.9473,19.291,-3.74626,28.6304,25.9012,-3.74626,28.6304,19.291,-5.42926,28.6304,25.9012,-5.42926,28.6304,19.291,-5.42926,26.9473,25.9012,-5.42926,26.9473,19.291,-3.74626,26.9473,25.9012,-3.74626,26.9473,19.291,-10.7043,30.5964,7.09244,-10.7043,28.0464,7.09244,-8.15431,30.5964,7.09244,-8.15431,28.0464,7.09244,-10.7043,28.0464,7.09244,-10.7043,30.5964,7.09244,-10.7043,28.0464,3.79401,-10.7043,30.5964,3.79401,-8.15431,28.0464,3.79401,-10.7043,28.0464,3.79401,-10.7043,30.5964,3.79401,-8.15431,30.5964,3.79401,-8.15431,28.0464,7.09244,-8.15431,30.5964,3.79401,-8.15431,30.5964,7.09244,-8.15431,28.0464,3.79401,-10.7043,30.5964,7.09244,-8.15431,30.5964,7.09244,-8.15431,30.5964,3.79401,-10.7043,30.5964,3.79401,-10.7043,28.0464,3.79401,-8.15431,28.0464,7.09244,-10.7043,28.0464,7.09244,-8.15431,28.0464,3.79401,-12.6881,29.7965,5.18961,-12.6881,27.2465,5.18961,-10.1381,29.7965,5.18961,-10.1381,27.2465,5.18961,-12.6881,29.7965,3.79401,-12.6881,27.2465,3.79401,-12.6881,29.7965,5.18961,-12.6881,27.2465,5.18961,-10.1381,27.2465,3.79401,-12.6881,27.2465,3.79401,-12.6881,29.7965,3.79401,-10.1381,29.7965,3.79401,-10.1381,27.2465,5.18961,-10.1381,29.7965,3.79401,-10.1381,29.7965,5.18961,-10.1381,27.2465,3.79401,-12.6881,29.7965,5.18961,-10.1381,29.7965,5.18961,-10.1381,29.7965,3.79401,-12.6881,29.7965,3.79401,-10.1381,27.2465,5.18961,-12.6881,27.2465,5.18961,-12.6881,27.2465,3.79401,-10.1381,27.2465,3.79401,-8.91249,27.2145,5.18961,-6.36249,29.7645,5.18961,-8.91249,29.7645,5.18961,-6.36249,27.2145,5.18961,-8.91249,29.7645,3.79401,-8.91249,27.2145,3.79401,-8.91249,29.7645,5.18961,-8.91249,27.2145,5.18961,-6.36249,27.2145,3.79401,-8.91249,27.2145,3.79401,-8.91249,29.7645,3.79401,-6.36249,29.7645,3.79401,-6.36249,27.2145,5.18961,-6.36249,29.7645,3.79401,-6.36249,29.7645,5.18961,-6.36249,27.2145,3.79401,-8.91249,29.7645,5.18961,-6.36249,29.7645,5.18961,-6.36249,29.7645,3.79401,-8.91249,29.7645,3.79401,-8.91249,27.2145,3.79401,-6.36249,27.2145,5.18961,-8.91249,27.2145,5.18961,-6.36249,27.2145,3.79401]},"normal":{"type":"float32","components":3,"data":[0,0,1,0,0,1,0,0,1,0,0,1,-1,0,0,-1,0,0,-1,0,0,-1,0,0,0,0,-1,0,0,-1,0,0,-1,0,0,-1,1,0,0,1,0,0,1,0,0,1,0,0,0,1,0,0,1,0,0,1,0,0,1,0,0,-1,0,0,-1,0,0,-1,0,0,-1,0,0,0,1,0,0,1,0,0,1,0,0,1,-1,0,0,-1,0,0,-1,0,0,-1,0,0,0,0,-1,0,0,-1,0,0,-1,0,0,-1,1,0,0,1,0,0,1,0,0,1,0,0,0,1,0,0,1,0,0,1,0,0,1,0,0,-1,0,0,-1,0,0,-1,0,0,-1,0,0,0,1,0,0,1,0,0,1,0,0,1,-1,0,0,-1,0,0,-1,0,0,-1,0,0,0,0,-1,0,0,-1,0,0,-1,0,0,-1,1,0,0,1,0,0,1,0,0,1,0,0,0,1,0,0,1,0,0,1,0,0,1,0,0,-1,0,0,-1,0,0,-1,0,0,-1,0,0,0,1,0,0,1,0,0,1,0,0,1,-1,0,0,-1,0,0,-1,0,0,-1,0,0,0,0,-1,0,0,-1,0,0,-1,0,0,-1,1,0,0,1,0,0,1,0,0,1,0,0,0,1,0,0,1,0,0,1,0,0,1,0,0,-1,0,0,-1,0,0,-1,0,0,-1,0,0,0,1,0,0,1,0,0,1,0,0,1,-1,0,0,-1,0,0,-1,0,0,-1,0,0,0,0,-1,0,0,-1,0,0,-1,0,0,-1,1,0,0,1,0,0,1,0,0,1,0,0,0,1,0,0,1,0,0,1,0,0,1,0,0,-1,0,0,-1,0,0,-1,0,0,-1,0,0,0,1,0,0,1,0,0,1,0,0,1,-1,0,0,-1,0,0,-1,0,0,-1,0,0,0,0,-1,0,0,-1,0,0,-1,0,0,-1,1,0,0,1,0,0,1,0,0,1,0,0,0,1,0,0,1,0,0,1,0,0,1,0,0,-1,0,0,-1,0,0,-1,0,0,-1,0]},"texCoord0":{"type":"float32","components":2,"data":[0.38282,0.886466,0.48282,0.986466,0.38282,0.986466,0.48282,0.886466,0.38282,0.886466,0.48282,0.886466,0.48282,0.986466,0.38282,0.986466,0.38282,0.886466,0.48282,0.886466,0.48282,0.986466,0.38282,0.986466,0.38282,0.886466,0.48282,0.986466,0.38282,0.986466,0.48282,0.886466,0.48282,0.886466,0.48282,0.986466,0.38282,0.886466,0.38282,0.986466,0.38282,0.986466,0.38282,0.886466,0.48282,0.986466,0.48282,0.886466,0.38282,0.986466,0.38282,0.886466,0.48282,0.986466,0.48282,0.886466,0.38282,0.886466,0.48282,0.886466,0.48282,0.986466,0.38282,0.986466,0.38282,0.886466,0.48282,0.886466,0.48282,0.986466,0.38282,0.986466,0.38282,0.886466,0.48282,0.986466,0.38282,0.986466,0.48282,0.886466,0.48282,0.886466,0.48282,0.986466,0.38282,0.886466,0.38282,0.986466,0.38282,0.986466,0.38282,0.886466,0.48282,0.986466,0.48282,0.886466,0.38282,0.986466,0.38282,0.886466,0.48282,0.986466,0.48282,0.886466,0.38282,0.886466,0.48282,0.886466,0.48282,0.986466,0.38282,0.986466,0.38282,0.886466,0.48282,0.886466,0.48282,0.986466,0.38282,0.986466,0.38282,0.886466,0.48282,0.986466,0.38282,0.986466,0.48282,0.886466,0.48282,0.886466,0.48282,0.986466,0.38282,0.886466,0.38282,0.986466,0.38282,0.986466,0.38282,0.886466,0.48282,0.986466,0.48282,0.886466,0.38282,0.986466,0.38282,0.886466,0.48282,0.986466,0.48282,0.886466,0.48282,0.886466,0.48282,0.986466,0.38282,0.886466,0.38282,0.986466,0.38282,0.886466,0.48282,0.886466,0.48282,0.986466,0.38282,0.986466,0.38282,0.886466,0.48282,0.986466,0.38282,0.986466,0.48282,0.886466,0.38282,0.886466,0.48282,0.886466,0.48282,0.986466,0.38282,0.986466,0.38282,0.886466,0.48282,0.986466,0.38282,0.986466,0.48282,0.886466,0.38282,0.986466,0.38282,0.886466,0.48282,0.986466,0.48282,0.886466,0.38282,0.986466,0.38282,0.886466,0.48282,0.986466,0.48282,0.886466,0.38282,0.886466,0.48282,0.886466,0.48282,0.986466,0.38282,0.986466,0.38282,0.886466,0.48282,0.986466,0.38282,0.986466,0.48282,0.886466,0.38282,0.886466,0.48282,0.886466,0.48282,0.986466,0.38282,0.986466,0.48282,0.986466,0.38282,0.986466,0.38282,0.886466,0.48282,0.886466,0.38282,0.886466,0.48282,0.986466,0.38282,0.986466,0.48282,0.886466,0.38282,0.986466,0.38282,0.886466,0.48282,0.986466,0.48282,0.886466,0.38282,0.886466,0.48282,0.886466,0.48282,0.986466,0.38282,0.986466,0.38282,0.886466,0.48282,0.986466,0.38282,0.986466,0.48282,0.886466,0.38282,0.886466,0.48282,0.886466,0.48282,0.986466,0.38282,0.986466,0.38282,0.886466,0.48282,0.986466,0.38282,0.986466,0.48282,0.886466]}}],"meshes":[{"aabb":{"min":[-12.6881,26.5138,0.470704],"max":[-3.31276,30.5964,26.6758]},"vertices":0,